keyword,community
요금,2
언제,1
얼마,5
핸드폰,3
서류,6
휴대폰,5
변경,2
진짜,4
요금제,0
해지,6
고장,1
데이터,3
인터넷,1
확인,0
번호,2
다른,0
어디,0
문의,3
서비스,6
가격,6
오늘,6
가야,4
신청,4
방문,3
가입,6
주소,1
결합,4
관련,6
부가,6
얼마나,5
납부,2
방법,2
계좌,2
젠장,3
사용,1
계속,5
적용,2
조회,2
전화번호,0
상품,3
카드,2
이체,2
할인,6
청구,3
화면,0
모델,0
동의,5
클라우드,6
용량,6
이번,1
무제한,3
분실,3
제로,3
보충,6
지금,2
추천,1
음악,3
스트리밍,6
뭔가,6
최신,5
상세,4
가장,0
비교,0
처리,5
자동,2
통신사,2
속도,1
/,1
충전,0
설치,3
멤버십,0
역도,5
채널,4
설명,2
추가,1
신한은행,2
장애,4
회사,1
비용,5
신고,4
초과,5
어쩌,6
종류,6
택배,2
문자,6
내용,5
수리,6
시간,3
미납,2
내야,5
접수,3
오후,3
전원,3
직영,1
그때,6
보안,5
보통,5
현재,5
문제,6
터치,2
구매,2
금액,1
연결,1
남아,1
여러,5
이사,5
개통,4
어서,6
포인트,0
약정,3
아침,6
걱정,0
이용,3
통화,2
정도,0
위약금,4
스마트워치,3
어제,6
절차,6
혜택,6
품질,6
내일,6
저장,5
가게,3
도대체,6
기간,4
패키지,6
중이,2
인기,1
옵션,6
지난달,0
오전,5
와이파이,6
아무,6
소액,0
사려,1
정지,4
온라인,1
근처,0
지하철,1
얘기,6
가면,6
반영,6
배터리,3
보고,6
적립,0
런가,6
고지서,2
액정,3
어디가,3
그것,5
아이폰,5
장비,6
유효,2
상담,6
은행,6
갤럭시,5
너희,3
청아,0
정말,1
사고,1
안내,1
제공,1
생각,0
가끔,6
정보,4
말씀,2
이상,5
명의,5
조치,0
빌어먹을,1
중인,5
처가,6
및,3
게임,6
싫증,2
기기,2
해외,4
결제,1
제일,6
비밀번호,4
별로,5
계약,0
바로,1
위로,1
태블릿,3
카페,0
단계,0
파손,6
조정,1
마음,3
작동,2
자꾸,2
무엇,2
예상,5
씨발,5
노트북,2
무상,3
카메라,6
가기,6
신규,1
이메일,0
위치,0
환불,1
진행,3
이동,5
로밍,2
음성,0
대리점,0
기본,6
가상,6
일본,0
일시,0
씨바,3
먹통,6
해결,2
납득,3
한번,3
어플,2
무슨,4
통신,0
그대로,5
쿠폰,5
주로,5
종이,2
개월,4
소모,6
사람,5
사항,6
지난,1
원인,0
죽겠네,2
소진,5
하루,6
스피커,1
만료,0
도로,4
상담사,0
기종은,4
유지,1
잘못,3
할부,2
구려,6
이자,0
대한,6
가지,3
편입,5
시간대,0
장기,1
제출,4
제품,6
연락,3
날짜,2
건가,4
플라스틱,6
버스,0
이면,6
